{
  "test/integration/opaTests.qunit.js": 1767857399889,
  "test/integration/FirstJourney.js": 1767857399893,
  "test/integration/pages/RisksList.js": 1767857399889,
  "test/integration/pages/JourneyRunner.js": 1767857399897,
  "i18n/i18n.properties": 1767857425125,
  "test/integration/pages/RisksObjectPage.js": 1767857399889,
  "test/testsuite.qunit.js": 1767857399873,
  "xs-app.json": 1768026329118,
  "manifest.json": 1768026329146,
  "Component.js": 1767857399845,
  "Component-dbg.js": 1767857399845,
  "Component.js.map": 1768026343542,
  "test/integration/pages/RisksList-dbg.js": 1767857399889,
  "test/integration/pages/RisksList.js.map": 1768026343538,
  "test/integration/pages/JourneyRunner-dbg.js": 1767857399897,
  "test/integration/pages/JourneyRunner.js.map": 1768026343538,
  "test/integration/opaTests.qunit-dbg.js": 1767857399889,
  "test/integration/opaTests.qunit.js.map": 1768026343539,
  "test/integration/pages/RisksObjectPage-dbg.js": 1767857399889,
  "test/integration/pages/RisksObjectPage.js.map": 1768026343540,
  "test/testsuite.qunit-dbg.js": 1767857399873,
  "test/testsuite.qunit.js.map": 1768026343541,
  "test/integration/FirstJourney-dbg.js": 1767857399893,
  "test/integration/FirstJourney.js.map": 1768026343542,
  "Component-preload.js": 1768026343750,
  "Component-preload.js.map": 1768026343750,
  "test/integration/opaTests.qunit.html": 1767857399889,
  "test/testsuite.qunit.html": 1767857399869,
  "test/flpSandbox.html": 1767857399869,
  "index.html": 1767857399845
}