{
  "test/flpSandbox.html": 1768115975632,
  "test/integration/pages/RisksList.js": 1767857399889,
  "test/integration/pages/RisksObjectPage.js": 1767857399889,
  "test/integration/pages/JourneyRunner.js": 1767857399897,
  "test/integration/opaTests.qunit.js": 1767857399889,
  "test/integration/FirstJourney.js": 1767857399893,
  "test/testsuite.qunit.js": 1767857399873,
  "xs-app.json": 1768116246670,
  "manifest.json": 1768116029028,
  "Component.js": 1767857399845,
  "test/testsuite.qunit-dbg.js": 1767857399873,
  "test/testsuite.qunit.js.map": 1768116284838,
  "test/integration/pages/RisksObjectPage-dbg.js": 1767857399889,
  "test/integration/pages/RisksObjectPage.js.map": 1768116284854,
  "test/integration/pages/JourneyRunner-dbg.js": 1767857399897,
  "test/integration/pages/JourneyRunner.js.map": 1768116284838,
  "test/integration/opaTests.qunit-dbg.js": 1767857399889,
  "test/integration/opaTests.qunit.js.map": 1768116284844,
  "test/integration/FirstJourney-dbg.js": 1767857399893,
  "test/integration/FirstJourney.js.map": 1768116284842,
  "test/integration/pages/RisksList-dbg.js": 1767857399889,
  "test/integration/pages/RisksList.js.map": 1768116284840,
  "Component-dbg.js": 1767857399845,
  "Component.js.map": 1768116284841,
  "Component-preload.js": 1768116285087,
  "Component-preload.js.map": 1768116285087,
  "test/integration/opaTests.qunit.html": 1767857399889,
  "test/testsuite.qunit.html": 1767857399869,
  "i18n/i18n.properties": 1767857425125,
  "index.html": 1768116042217
}